﻿StationName,Tag,MeasurementPoint,Quantity
PMU100_out,B102_bias,PMU102.ang_bias,Bias
PMU100_out,B102_I1,PMU102.I1,Current
PMU100_out,B102_I2,PMU102.I2,Current
PMU100_out,B102_I3,PMU102.I3,Current
PMU100_out,B102_V,PMU102.V,Voltage
PMU100_out,B102_V_raw,PMU102.V_raw,Voltage
PMU100_out,B103_bias,PMU103.ang_bias,Bias
PMU100_out,B103_I1,PMU103.I1,Current
PMU100_out,B103_I2,PMU103.I2,Current
PMU100_out,B103_I3,PMU103.I3,Current
PMU100_out,B103_V,PMU103.V,Voltage
PMU100_out,B103_V_raw,PMU103.V_raw,Voltage
PMU100_out,B107_bias,PMU107.ang_bias,Bias
PMU100_out,B107_I1,PMU107.I1,Current
PMU100_out,B107_I2,PMU107.I2,Current
PMU100_out,B107_V,PMU107.V,Voltage
PMU100_out,B107_V_raw,PMU107.V_raw,Voltage
PMU100_out,B110_bias,PMU110.ang_bias,Bias
PMU100_out,B110_I1,PMU110.I1,Current
PMU100_out,B110_I2,PMU110.I2,Current
PMU100_out,B110_I3,PMU110.I3,Current
PMU100_out,B110_I4,PMU110.I4,Current
PMU100_out,B110_I5,PMU110.I5,Current
PMU100_out,B110_V,PMU110.V,Voltage
PMU100_out,B110_V_raw,PMU110.V_raw,Voltage
PMU100_out,B116_bias,PMU116.ang_bias,Bias
PMU100_out,B116_I1,PMU116.I1,Current
PMU100_out,B116_I2,PMU116.I2,Current
PMU100_out,B116_I3,PMU116.I3,Current
PMU100_out,B116_I4,PMU116.I4,Current
PMU100_out,B116_V,PMU116.V,Voltage
PMU100_out,B116_V_raw,PMU116.V_raw,Voltage
PMU100_out,B121_bias,PMU121.ang_bias,Bias
PMU100_out,B121_I1,PMU121.I1,Current
PMU100_out,B121_I2,PMU121.I2,Current
PMU100_out,B121_I3,PMU121.I3,Current
PMU100_out,B121_I4,PMU121.I4,Current
PMU100_out,B121_I5,PMU121.I5,Current
PMU100_out,B121_I6,PMU121.I6,Current
PMU100_out,B121_V,PMU121.V,Voltage
PMU100_out,B121_V_raw,PMU121.V_raw,Voltage
PMU100_out,B123_bias,PMU123.ang_bias,Bias
PMU100_out,B123_I1,PMU123.I1,Current
PMU100_out,B123_I2,PMU123.I2,Current
PMU100_out,B123_I3,PMU123.I3,Current
PMU100_out,B123_I4,PMU123.I4,Current
PMU100_out,B123_I5,PMU123.I5,Current
PMU100_out,B123_V,PMU123.V,Voltage
PMU100_out,B123_V_raw,PMU123.V_raw,Voltage
PMU100_out,Frequency,PMU100.F,Frequency
PMU100_out,Frequency Delta,PMU100.DFDT,Frequency.DFDT
PMU100_out,spoofing_attack,Spoofing_attack,Spoofing_attack
PMU200_out,B202_bias,PMU202.ang_bias,Bias
PMU200_out,B202_I1,PMU202.I1,Current
PMU200_out,B202_I2,PMU202.I2,Current
PMU200_out,B202_I3,PMU202.I3,Current
PMU200_out,B202_V,PMU202.V,Voltage
PMU200_out,B202_V_raw,PMU202.V_raw,Voltage
PMU200_out,B203_bias,PMU203.ang_bias,Bias
PMU200_out,B203_I1,PMU203.I1,Current
PMU200_out,B203_I2,PMU203.I2,Current
PMU200_out,B203_I3,PMU203.I3,Current
PMU200_out,B203_I4,PMU203.I4,Current
PMU200_out,B203_V,PMU203.V,Voltage
PMU200_out,B203_V_raw,PMU203.V_raw,Voltage
PMU200_out,B207_bias,PMU207.ang_bias,Bias
PMU200_out,B207_I1,PMU207.I1,Current
PMU200_out,B207_V,PMU207.V,Voltage
PMU200_out,B207_V_raw,PMU207.V_raw,Voltage
PMU200_out,B210_bias,PMU210.ang_bias,Bias
PMU200_out,B210_I1,PMU210.I1,Current
PMU200_out,B210_I2,PMU210.I2,Current
PMU200_out,B210_I3,PMU210.I3,Current
PMU200_out,B210_I4,PMU210.I4,Current
PMU200_out,B210_I5,PMU210.I5,Current
PMU200_out,B210_V,PMU210.V,Voltage
PMU200_out,B210_V_raw,PMU210.V_raw,Voltage
PMU200_out,B216_bias,PMU216.ang_bias,Bias
PMU200_out,B216_I1,PMU216.I1,Current
PMU200_out,B216_I2,PMU216.I2,Current
PMU200_out,B216_I3,PMU216.I3,Current
PMU200_out,B216_I4,PMU216.I4,Current
PMU200_out,B216_V,PMU216.V,Voltage
PMU200_out,B216_V_raw,PMU216.V_raw,Voltage
PMU200_out,B221_bias,PMU221.ang_bias,Bias
PMU200_out,B221_I1,PMU221.I1,Current
PMU200_out,B221_I2,PMU221.I2,Current
PMU200_out,B221_I3,PMU221.I3,Current
PMU200_out,B221_I4,PMU221.I4,Current
PMU200_out,B221_I5,PMU221.I5,Current
PMU200_out,B221_V,PMU221.V,Voltage
PMU200_out,B221_V_raw,PMU221.V_raw,Voltage
PMU200_out,B223_bias,PMU223.ang_bias,Bias
PMU200_out,B223_I1,PMU223.I1,Current
PMU200_out,B223_I2,PMU223.I2,Current
PMU200_out,B223_I3,PMU223.I3,Current
PMU200_out,B223_I4,PMU223.I4,Current
PMU200_out,B223_I5,PMU223.I5,Current
PMU200_out,B223_V,PMU223.V,Voltage
PMU200_out,B223_V_raw,PMU223.V_raw,Voltage
PMU200_out,Frequency,PMU200.F,Frequency
PMU200_out,Frequency Delta,PMU200.DFDT,Frequency.DFDT
PMU300_out,B302_bias,PMU302.ang_bias,Bias
PMU300_out,B302_I1,PMU302.I1,Current
PMU300_out,B302_I2,PMU302.I2,Current
PMU300_out,B302_I3,PMU302.I3,Current
PMU300_out,B302_V,PMU302.V,Voltage
PMU300_out,B302_V_raw,PMU302.V_raw,Voltage
PMU300_out,B303_bias,PMU303.ang_bias,Bias
PMU300_out,B303_I1,PMU303.I1,Current
PMU300_out,B303_I2,PMU303.I2,Current
PMU300_out,B303_I3,PMU303.I3,Current
PMU300_out,B303_V,PMU303.V,Voltage
PMU300_out,B303_V_raw,PMU303.V_raw,Voltage
PMU300_out,B307_bias,PMU307.ang_bias,Bias
PMU300_out,B307_I1,PMU307.I1,Current
PMU300_out,B307_V,PMU307.V,Voltage
PMU300_out,B307_V_raw,PMU307.V_raw,Voltage
PMU300_out,B310_bias,PMU310.ang_bias,Bias
PMU300_out,B310_I1,PMU310.I1,Current
PMU300_out,B310_I2,PMU310.I2,Current
PMU300_out,B310_I3,PMU310.I3,Current
PMU300_out,B310_I4,PMU310.I4,Current
PMU300_out,B310_I5,PMU310.I5,Current
PMU300_out,B310_V,PMU310.V,Voltage
PMU300_out,B310_V_raw,PMU310.V_raw,Voltage
PMU300_out,B316_bias,PMU316.ang_bias,Bias
PMU300_out,B316_I1,PMU316.I1,Current
PMU300_out,B316_I2,PMU316.I2,Current
PMU300_out,B316_I3,PMU316.I3,Current
PMU300_out,B316_I4,PMU316.I4,Current
PMU300_out,B316_V,PMU316.V,Voltage
PMU300_out,B316_V_raw,PMU316.V_raw,Voltage
PMU300_out,B321_bias,PMU321.ang_bias,Bias
PMU300_out,B321_I1,PMU321.I1,Current
PMU300_out,B321_I2,PMU321.I2,Current
PMU300_out,B321_I3,PMU321.I3,Current
PMU300_out,B321_I4,PMU321.I4,Current
PMU300_out,B321_I5,PMU321.I5,Current
PMU300_out,B321_V,PMU321.V,Voltage
PMU300_out,B321_V_raw,PMU321.V_raw,Voltage
PMU300_out,B323_bias,PMU323.ang_bias,Bias
PMU300_out,B323_I1,PMU323.I1,Current
PMU300_out,B323_I2,PMU323.I2,Current
PMU300_out,B323_I3,PMU323.I3,Current
PMU300_out,B323_I4,PMU323.I4,Current
PMU300_out,B323_I5,PMU323.I5,Current
PMU300_out,B323_V,PMU323.V,Voltage
PMU300_out,B323_V_raw,PMU323.V_raw,Voltage
PMU300_out,Frequency,PMU300.F,Frequency
PMU300_out,Frequency Delta,PMU300.DFDT,Frequency.DFDT
